filepath,coords
PXL_20220629_145708603.jpg,"(41.65405277777778, 2.4023805555555553)"
